recommendation_id,device_id,case_id,affected_users,potential_downtime_hours,risk_reduction_pct,impact_level
REC-0001,DEV-0103,CASE-0001,41,13.9,43.0,Low
REC-0002,DEV-0038,CASE-0002,119,9.3,18.8,Severe
REC-0003,DEV-0244,CASE-0003,61,18.7,70.5,Moderate
REC-0004,DEV-0172,CASE-0004,110,12.2,64.1,Moderate
REC-0005,DEV-0228,CASE-0005,19,12.3,92.8,Moderate
REC-0006,DEV-0089,CASE-0006,32,4.6,73.7,Low
REC-0007,DEV-0162,CASE-0007,15,0.5,70.7,Severe
REC-0008,DEV-0103,CASE-0008,103,21.6,30.8,Severe
REC-0009,DEV-0036,CASE-0009,119,5.7,94.1,Low
REC-0010,DEV-0225,CASE-0010,20,19.9,27.5,High
REC-0011,DEV-0113,CASE-0011,2,7.4,88.1,Severe
REC-0012,DEV-0147,CASE-0012,83,11.8,93.1,Moderate
REC-0013,DEV-0097,CASE-0013,24,18.0,93.5,High
REC-0014,DEV-0220,CASE-0014,4,17.2,68.3,Moderate
REC-0015,DEV-0233,CASE-0015,94,16.1,42.3,High
REC-0016,DEV-0093,CASE-0016,107,5.1,39.7,High
REC-0017,DEV-0204,CASE-0017,43,4.4,28.0,Moderate
REC-0018,DEV-0061,CASE-0018,87,22.8,32.3,Moderate
REC-0019,DEV-0225,CASE-0019,94,7.3,32.7,Severe
REC-0020,DEV-0234,CASE-0020,88,4.6,53.8,Low
REC-0021,DEV-0065,CASE-0021,74,5.7,23.2,Severe
REC-0022,DEV-0170,CASE-0022,49,5.9,52.4,Low
REC-0023,DEV-0013,CASE-0023,55,13.1,55.3,Low
REC-0024,DEV-0122,CASE-0024,34,16.8,52.2,High
REC-0025,DEV-0144,CASE-0025,108,12.0,84.2,High
REC-0026,DEV-0222,CASE-0026,69,1.7,45.5,Moderate
REC-0027,DEV-0219,CASE-0027,108,13.5,80.8,Low
REC-0028,DEV-0012,CASE-0028,63,13.6,54.8,Severe
REC-0029,DEV-0120,CASE-0029,83,22.5,70.3,Moderate
REC-0030,DEV-0113,CASE-0030,55,8.2,30.2,Moderate
REC-0031,DEV-0076,CASE-0031,38,4.2,91.3,High
REC-0032,DEV-0109,CASE-0032,79,1.1,32.9,Low
REC-0033,DEV-0170,CASE-0033,43,22.5,75.1,High
REC-0034,DEV-0070,CASE-0034,28,18.6,41.7,Moderate
REC-0035,DEV-0001,CASE-0035,80,3.2,74.3,Moderate
REC-0036,DEV-0227,CASE-0036,28,11.9,87.0,Moderate
REC-0037,DEV-0122,CASE-0037,70,0.3,74.6,High
REC-0038,DEV-0046,CASE-0038,75,22.5,40.6,Severe
REC-0039,DEV-0011,CASE-0039,1,6.6,24.1,Moderate
REC-0040,DEV-0181,CASE-0040,29,14.8,45.7,Moderate
REC-0041,DEV-0154,CASE-0041,71,15.8,30.9,Moderate
REC-0042,DEV-0103,CASE-0042,86,5.8,30.8,High
REC-0043,DEV-0029,CASE-0043,82,5.9,93.2,High
REC-0044,DEV-0183,CASE-0044,102,6.5,39.1,Moderate
REC-0045,DEV-0021,CASE-0045,86,2.6,82.8,High
REC-0046,DEV-0121,CASE-0046,35,3.9,69.6,Moderate
REC-0047,DEV-0215,CASE-0047,53,3.6,42.7,Moderate
REC-0048,DEV-0202,CASE-0048,51,5.5,90.6,Moderate
REC-0049,DEV-0111,CASE-0049,76,6.3,18.9,Moderate
REC-0050,DEV-0070,CASE-0050,62,6.3,89.0,High
REC-0051,DEV-0079,CASE-0051,14,4.3,67.8,Low
REC-0052,DEV-0212,CASE-0052,29,7.3,21.9,Moderate
REC-0053,DEV-0151,CASE-0053,30,5.2,52.6,Moderate
REC-0054,DEV-0062,CASE-0054,88,9.1,34.4,Moderate
REC-0055,DEV-0060,CASE-0055,17,5.2,62.2,High
REC-0056,DEV-0097,CASE-0056,31,4.1,83.3,Moderate
REC-0057,DEV-0192,CASE-0057,117,10.1,35.0,High
REC-0058,DEV-0123,CASE-0058,119,6.9,56.8,Moderate
REC-0059,DEV-0155,CASE-0059,114,9.0,22.1,Moderate
REC-0060,DEV-0218,CASE-0060,100,5.4,48.4,Moderate
REC-0061,DEV-0246,CASE-0061,56,13.0,93.2,Severe
REC-0062,DEV-0201,CASE-0062,4,7.7,67.0,Moderate
REC-0063,DEV-0108,CASE-0063,5,0.7,59.0,Low
REC-0064,DEV-0148,CASE-0064,77,19.0,74.9,Moderate
REC-0065,DEV-0001,CASE-0065,37,9.8,32.1,Moderate
REC-0066,DEV-0124,CASE-0066,96,9.3,56.8,Low
REC-0067,DEV-0051,CASE-0067,101,14.2,75.9,Moderate
REC-0068,DEV-0161,CASE-0068,33,16.1,86.7,High
REC-0069,DEV-0166,CASE-0069,109,20.8,47.6,Moderate
REC-0070,DEV-0009,CASE-0070,111,12.0,34.8,Moderate
REC-0071,DEV-0100,CASE-0071,35,11.9,64.6,Moderate
REC-0072,DEV-0237,CASE-0072,94,20.4,78.3,Moderate
REC-0073,DEV-0011,CASE-0073,38,23.2,33.9,High
REC-0074,DEV-0109,CASE-0074,105,21.6,44.0,High
REC-0075,DEV-0222,CASE-0075,86,15.9,66.2,Severe
REC-0076,DEV-0200,CASE-0076,87,18.6,87.2,High
REC-0077,DEV-0137,CASE-0077,46,20.3,71.2,High
REC-0078,DEV-0098,CASE-0078,35,5.3,59.6,Low
REC-0079,DEV-0108,CASE-0079,18,9.5,67.2,High
REC-0080,DEV-0245,CASE-0080,66,17.4,96.3,Moderate
REC-0081,DEV-0146,CASE-0081,87,4.9,53.1,High
REC-0082,DEV-0077,CASE-0082,58,22.6,76.2,Low
REC-0083,DEV-0047,CASE-0083,88,4.4,55.3,High
REC-0084,DEV-0142,CASE-0084,10,14.4,21.9,Low
REC-0085,DEV-0226,CASE-0085,21,15.8,88.6,Moderate
REC-0086,DEV-0067,CASE-0086,12,10.2,95.1,High
REC-0087,DEV-0155,CASE-0087,83,15.0,34.9,Moderate
REC-0088,DEV-0039,CASE-0088,5,13.2,57.5,High
REC-0089,DEV-0156,CASE-0089,112,7.3,27.0,Moderate
REC-0090,DEV-0014,CASE-0090,118,12.6,55.9,Low
REC-0091,DEV-0226,CASE-0091,65,22.4,36.7,Low
REC-0092,DEV-0092,CASE-0092,9,17.4,78.9,Moderate
REC-0093,DEV-0015,CASE-0093,113,7.5,48.6,Moderate
REC-0094,DEV-0148,CASE-0094,13,6.5,37.2,Low
REC-0095,DEV-0205,CASE-0095,60,1.6,57.9,High
REC-0096,DEV-0145,CASE-0096,60,17.4,39.8,Severe
REC-0097,DEV-0150,CASE-0097,22,19.0,77.5,High
REC-0098,DEV-0041,CASE-0098,29,14.4,45.3,Moderate
REC-0099,DEV-0188,CASE-0099,4,17.0,71.6,Moderate
REC-0100,DEV-0082,CASE-0100,9,22.0,43.6,Severe
REC-0101,DEV-0186,CASE-0101,53,4.3,79.6,Moderate
REC-0102,DEV-0079,CASE-0102,84,16.6,92.3,Low
REC-0103,DEV-0172,CASE-0103,29,0.9,78.9,High
REC-0104,DEV-0066,CASE-0104,100,3.5,63.1,Low
REC-0105,DEV-0133,CASE-0105,79,11.7,43.6,High
REC-0106,DEV-0148,CASE-0106,25,14.1,35.0,High
REC-0107,DEV-0242,CASE-0107,60,20.3,70.0,Low
REC-0108,DEV-0234,CASE-0108,101,19.0,34.2,Moderate
REC-0109,DEV-0114,CASE-0109,29,15.0,25.2,High
REC-0110,DEV-0220,CASE-0110,118,9.8,81.5,High
REC-0111,DEV-0198,CASE-0111,115,20.3,75.0,Low
REC-0112,DEV-0060,CASE-0112,8,12.0,87.4,Moderate
REC-0113,DEV-0156,CASE-0113,26,6.5,38.2,Severe
REC-0114,DEV-0151,CASE-0114,101,9.8,70.4,Moderate
REC-0115,DEV-0239,CASE-0115,89,16.9,55.0,Moderate
REC-0116,DEV-0189,CASE-0116,16,13.9,96.6,High
REC-0117,DEV-0009,CASE-0117,4,2.4,59.9,Moderate
REC-0118,DEV-0147,CASE-0118,18,10.8,60.5,Moderate
REC-0119,DEV-0201,CASE-0119,68,21.5,35.9,High
REC-0120,DEV-0218,CASE-0120,101,7.3,31.1,High
REC-0121,DEV-0130,CASE-0121,6,13.3,84.4,Moderate
REC-0122,DEV-0098,CASE-0122,79,18.1,36.5,Moderate
REC-0123,DEV-0212,CASE-0123,59,3.4,23.0,Moderate
REC-0124,DEV-0204,CASE-0124,115,0.3,68.0,Low
REC-0125,DEV-0210,CASE-0125,44,3.6,15.0,Moderate
REC-0126,DEV-0206,CASE-0126,85,8.9,51.6,Low
REC-0127,DEV-0033,CASE-0127,69,11.5,46.1,Low
REC-0128,DEV-0079,CASE-0128,71,22.2,39.8,Low
REC-0129,DEV-0243,CASE-0129,3,1.0,36.8,Moderate
REC-0130,DEV-0080,CASE-0130,96,16.1,84.6,Moderate
REC-0131,DEV-0062,CASE-0131,76,16.5,33.6,Moderate
REC-0132,DEV-0215,CASE-0132,107,6.2,69.0,High
REC-0133,DEV-0196,CASE-0133,38,1.1,34.4,Low
REC-0134,DEV-0129,CASE-0134,97,19.5,61.9,Low
REC-0135,DEV-0160,CASE-0135,96,21.8,87.3,Low
REC-0136,DEV-0180,CASE-0136,22,22.0,53.2,Moderate
REC-0137,DEV-0195,CASE-0137,100,3.7,20.6,High
REC-0138,DEV-0160,CASE-0138,68,21.8,39.2,Moderate
REC-0139,DEV-0032,CASE-0139,12,17.6,40.0,Moderate
REC-0140,DEV-0235,CASE-0140,21,11.7,43.5,High
REC-0141,DEV-0189,CASE-0141,23,21.8,50.2,Moderate
REC-0142,DEV-0003,CASE-0142,101,17.6,34.2,Low
REC-0143,DEV-0143,CASE-0143,18,1.9,72.9,Low
REC-0144,DEV-0024,CASE-0144,98,14.9,49.0,High
REC-0145,DEV-0055,CASE-0145,6,20.8,44.9,Moderate
REC-0146,DEV-0100,CASE-0146,26,2.9,62.9,Moderate
REC-0147,DEV-0145,CASE-0147,3,13.8,58.7,Moderate
REC-0148,DEV-0081,CASE-0148,36,1.1,97.7,Low
REC-0149,DEV-0126,CASE-0149,39,14.8,76.6,Moderate
REC-0150,DEV-0086,CASE-0150,113,19.2,80.7,High
REC-0151,DEV-0021,CASE-0151,101,21.8,63.5,Moderate
REC-0152,DEV-0057,CASE-0152,10,14.2,86.5,Moderate
REC-0153,DEV-0127,CASE-0153,95,18.8,76.0,High
REC-0154,DEV-0074,CASE-0154,2,0.4,58.2,High
REC-0155,DEV-0049,CASE-0155,4,1.6,50.8,High
REC-0156,DEV-0058,CASE-0156,51,15.7,67.7,Moderate
REC-0157,DEV-0147,CASE-0157,74,6.5,60.9,Moderate
REC-0158,DEV-0060,CASE-0158,91,19.2,32.0,Moderate
REC-0159,DEV-0107,CASE-0159,5,3.3,74.8,High
REC-0160,DEV-0004,CASE-0160,74,10.3,15.5,Low
REC-0161,DEV-0116,CASE-0161,42,10.2,92.0,Low
REC-0162,DEV-0156,CASE-0162,111,15.5,80.6,Low
REC-0163,DEV-0033,CASE-0163,66,21.1,39.0,High
REC-0164,DEV-0047,CASE-0164,56,23.7,61.1,High
REC-0165,DEV-0219,CASE-0165,54,14.6,71.4,Moderate
REC-0166,DEV-0176,CASE-0166,97,15.4,95.3,Moderate
REC-0167,DEV-0244,CASE-0167,52,18.1,31.5,Severe
REC-0168,DEV-0196,CASE-0168,97,5.7,69.5,Severe
REC-0169,DEV-0064,CASE-0169,113,5.3,80.9,Low
REC-0170,DEV-0045,CASE-0170,89,19.2,76.1,Moderate
REC-0171,DEV-0179,CASE-0171,74,18.0,93.7,High
REC-0172,DEV-0061,CASE-0172,89,23.3,74.0,Moderate
REC-0173,DEV-0189,CASE-0173,40,16.1,22.0,Severe
REC-0174,DEV-0088,CASE-0174,44,14.5,30.6,Moderate
REC-0175,DEV-0189,CASE-0175,30,9.2,63.4,High
REC-0176,DEV-0068,CASE-0176,19,16.5,69.0,High
REC-0177,DEV-0142,CASE-0177,76,13.7,43.4,Moderate
REC-0178,DEV-0163,CASE-0178,61,5.8,32.5,Moderate
REC-0179,DEV-0099,CASE-0179,117,13.3,78.1,Severe
REC-0180,DEV-0118,CASE-0180,15,13.1,19.2,Moderate
REC-0181,DEV-0220,CASE-0181,106,15.6,44.5,Severe
REC-0182,DEV-0158,CASE-0182,99,11.5,22.9,Severe
REC-0183,DEV-0170,CASE-0183,1,0.7,52.0,High
REC-0184,DEV-0233,CASE-0184,35,1.3,65.0,Moderate
REC-0185,DEV-0243,CASE-0185,85,19.8,81.2,High
REC-0186,DEV-0028,CASE-0186,52,18.6,18.0,Low
REC-0187,DEV-0209,CASE-0187,29,5.6,52.0,Moderate
REC-0188,DEV-0216,CASE-0188,3,9.0,49.7,Moderate
REC-0189,DEV-0048,CASE-0189,81,15.4,60.2,Low
REC-0190,DEV-0093,CASE-0190,68,1.1,77.0,Severe
REC-0191,DEV-0026,CASE-0191,31,19.4,81.5,Low
REC-0192,DEV-0191,CASE-0192,97,5.9,29.4,Severe
REC-0193,DEV-0061,CASE-0193,85,17.9,52.2,Severe
REC-0194,DEV-0215,CASE-0194,114,20.1,26.8,Low
REC-0195,DEV-0081,CASE-0195,46,0.4,79.7,Moderate
REC-0196,DEV-0215,CASE-0196,73,5.6,31.4,Moderate
REC-0197,DEV-0008,CASE-0197,13,4.6,46.2,Severe
REC-0198,DEV-0083,CASE-0198,110,20.3,49.1,Low
REC-0199,DEV-0235,CASE-0199,66,11.8,16.4,Moderate
REC-0200,DEV-0103,CASE-0200,109,13.7,79.4,Moderate
REC-0201,DEV-0137,CASE-0201,118,3.7,94.1,Moderate
REC-0202,DEV-0236,CASE-0202,96,8.7,60.7,Severe
REC-0203,DEV-0002,CASE-0203,37,17.9,66.8,Severe
REC-0204,DEV-0084,CASE-0204,115,5.5,40.8,Moderate
REC-0205,DEV-0033,CASE-0205,57,4.2,92.3,Moderate
REC-0206,DEV-0214,CASE-0206,42,13.6,37.8,High
REC-0207,DEV-0096,CASE-0207,33,16.0,27.8,Moderate
REC-0208,DEV-0200,CASE-0208,67,11.1,27.0,Moderate
REC-0209,DEV-0084,CASE-0209,86,9.7,73.0,Moderate
REC-0210,DEV-0141,CASE-0210,19,16.0,97.2,Moderate
REC-0211,DEV-0068,CASE-0211,57,23.8,62.6,Low
REC-0212,DEV-0004,CASE-0212,96,10.0,19.8,Low
REC-0213,DEV-0171,CASE-0213,109,20.1,53.9,Moderate
REC-0214,DEV-0055,CASE-0214,51,9.9,57.1,Moderate
REC-0215,DEV-0160,CASE-0215,66,4.1,67.6,Moderate
REC-0216,DEV-0091,CASE-0216,97,11.8,41.1,Moderate
REC-0217,DEV-0221,CASE-0217,98,10.4,39.2,Moderate
REC-0218,DEV-0106,CASE-0218,107,9.5,57.2,Low
REC-0219,DEV-0027,CASE-0219,2,22.6,42.5,Low
REC-0220,DEV-0169,CASE-0220,44,6.1,23.3,Severe
REC-0221,DEV-0243,CASE-0221,25,14.8,52.3,Moderate
REC-0222,DEV-0016,CASE-0222,55,19.2,40.0,Moderate
REC-0223,DEV-0048,CASE-0223,17,8.9,64.8,High
REC-0224,DEV-0122,CASE-0224,57,16.9,79.8,Moderate
REC-0225,DEV-0192,CASE-0225,35,18.5,40.6,Moderate
REC-0226,DEV-0216,CASE-0226,96,2.9,72.4,Moderate
REC-0227,DEV-0202,CASE-0227,76,0.4,34.2,Low
REC-0228,DEV-0210,CASE-0228,77,23.4,70.1,High
REC-0229,DEV-0062,CASE-0229,25,20.4,40.0,Severe
REC-0230,DEV-0221,CASE-0230,55,10.3,23.6,Severe
REC-0231,DEV-0082,CASE-0231,112,8.1,19.1,Moderate
REC-0232,DEV-0183,CASE-0232,1,4.1,38.5,Severe
REC-0233,DEV-0073,CASE-0233,18,22.5,27.7,Moderate
REC-0234,DEV-0149,CASE-0234,105,8.4,57.3,High
REC-0235,DEV-0106,CASE-0235,93,20.4,50.2,Moderate
REC-0236,DEV-0154,CASE-0236,21,20.0,75.0,Low
REC-0237,DEV-0176,CASE-0237,50,14.7,65.6,Low
REC-0238,DEV-0131,CASE-0238,2,7.0,48.1,Moderate
REC-0239,DEV-0037,CASE-0239,58,11.4,97.7,Moderate
REC-0240,DEV-0098,CASE-0240,77,21.1,84.8,Moderate
REC-0241,DEV-0102,CASE-0241,87,17.9,34.9,High
REC-0242,DEV-0056,CASE-0242,32,17.3,45.8,Moderate
REC-0243,DEV-0039,CASE-0243,70,15.4,47.1,High
REC-0244,DEV-0057,CASE-0244,57,5.1,41.0,Severe
REC-0245,DEV-0108,CASE-0245,9,16.3,35.7,Moderate
REC-0246,DEV-0011,CASE-0246,111,10.1,25.0,High
REC-0247,DEV-0175,CASE-0247,96,0.8,51.0,Moderate
REC-0248,DEV-0195,CASE-0248,102,23.6,95.3,High
REC-0249,DEV-0156,CASE-0249,86,1.2,95.6,Moderate
REC-0250,DEV-0015,CASE-0250,17,11.1,54.4,Moderate
REC-0251,DEV-0049,CASE-0251,84,16.9,72.4,Severe
REC-0252,DEV-0116,CASE-0252,66,13.0,61.0,Severe
REC-0253,DEV-0101,CASE-0253,63,23.8,74.1,Moderate
REC-0254,DEV-0215,CASE-0254,80,13.9,67.8,Moderate
REC-0255,DEV-0130,CASE-0255,23,16.7,89.5,Moderate
REC-0256,DEV-0166,CASE-0256,63,9.1,52.7,Moderate
REC-0257,DEV-0028,CASE-0257,13,17.1,71.7,High
REC-0258,DEV-0104,CASE-0258,24,23.3,66.3,Moderate
REC-0259,DEV-0095,CASE-0259,98,15.6,39.8,Severe
REC-0260,DEV-0183,CASE-0260,104,11.7,81.6,Low
REC-0261,DEV-0153,CASE-0261,52,10.4,40.2,High
REC-0262,DEV-0153,CASE-0262,108,9.4,96.3,Moderate
REC-0263,DEV-0202,CASE-0263,59,20.8,35.1,Moderate
REC-0264,DEV-0119,CASE-0264,29,23.0,60.8,High
REC-0265,DEV-0043,CASE-0265,100,13.9,89.7,Severe
REC-0266,DEV-0179,CASE-0266,88,3.7,94.1,Severe
REC-0267,DEV-0042,CASE-0267,64,23.3,96.6,Low
REC-0268,DEV-0126,CASE-0268,70,12.9,57.4,High
REC-0269,DEV-0101,CASE-0269,41,9.5,84.1,High
REC-0270,DEV-0128,CASE-0270,27,14.8,75.1,High
REC-0271,DEV-0018,CASE-0271,86,12.9,45.8,Moderate
REC-0272,DEV-0076,CASE-0272,59,7.1,76.1,Moderate
REC-0273,DEV-0211,CASE-0273,58,2.1,45.7,Moderate
REC-0274,DEV-0096,CASE-0274,57,23.0,34.1,Low
REC-0275,DEV-0031,CASE-0275,46,21.6,16.6,High
REC-0276,DEV-0174,CASE-0276,57,12.0,92.4,Moderate
REC-0277,DEV-0171,CASE-0277,41,15.5,84.9,Severe
REC-0278,DEV-0137,CASE-0278,77,21.3,47.5,Low
REC-0279,DEV-0115,CASE-0279,34,1.9,57.9,Moderate
REC-0280,DEV-0200,CASE-0280,8,18.3,32.5,Moderate
REC-0281,DEV-0038,CASE-0281,99,15.4,23.9,Low
REC-0282,DEV-0099,CASE-0282,92,14.3,87.9,High
REC-0283,DEV-0111,CASE-0283,64,5.4,96.1,High
REC-0284,DEV-0005,CASE-0284,3,9.3,75.8,Severe
REC-0285,DEV-0158,CASE-0285,71,6.2,76.5,Low
REC-0286,DEV-0216,CASE-0286,78,3.1,97.7,Severe
REC-0287,DEV-0089,CASE-0287,56,23.9,58.3,Low
REC-0288,DEV-0104,CASE-0288,62,19.0,24.0,Severe
REC-0289,DEV-0052,CASE-0289,88,20.9,48.6,Severe
REC-0290,DEV-0246,CASE-0290,103,21.8,53.2,High
REC-0291,DEV-0060,CASE-0291,35,8.7,43.0,Severe
REC-0292,DEV-0206,CASE-0292,85,19.0,73.5,Severe
REC-0293,DEV-0061,CASE-0293,93,12.4,25.0,Moderate
REC-0294,DEV-0190,CASE-0294,29,15.4,22.9,High
REC-0295,DEV-0208,CASE-0295,116,7.3,93.0,Moderate
REC-0296,DEV-0006,CASE-0296,99,23.8,68.8,High
REC-0297,DEV-0196,CASE-0297,70,8.9,52.2,High
REC-0298,DEV-0225,CASE-0298,3,2.7,97.2,Moderate
REC-0299,DEV-0094,CASE-0299,72,6.4,64.6,Severe
REC-0300,DEV-0210,CASE-0300,26,19.2,52.7,Severe
REC-0301,DEV-0231,CASE-0301,116,23.3,37.8,Severe
REC-0302,DEV-0209,CASE-0302,94,18.0,58.3,High
REC-0303,DEV-0124,CASE-0303,102,20.5,36.8,Moderate
REC-0304,DEV-0063,CASE-0304,114,7.9,79.9,High
REC-0305,DEV-0038,CASE-0305,71,6.3,42.7,High
REC-0306,DEV-0137,CASE-0306,77,5.1,53.3,High
REC-0307,DEV-0194,CASE-0307,26,19.3,78.9,High
REC-0308,DEV-0047,CASE-0308,54,11.2,68.5,High
REC-0309,DEV-0113,CASE-0309,54,1.1,55.6,Low
REC-0310,DEV-0047,CASE-0310,29,22.8,29.2,Severe
REC-0311,DEV-0096,CASE-0311,34,0.3,67.7,Low
REC-0312,DEV-0084,CASE-0312,83,19.5,71.0,Moderate
REC-0313,DEV-0217,CASE-0313,58,11.0,85.2,High
REC-0314,DEV-0081,CASE-0314,100,17.3,55.5,Moderate
REC-0315,DEV-0099,CASE-0315,86,8.7,69.3,High
REC-0316,DEV-0212,CASE-0316,20,7.3,65.2,High
REC-0317,DEV-0084,CASE-0317,27,0.5,94.2,Moderate
REC-0318,DEV-0171,CASE-0318,87,8.0,62.1,High
REC-0319,DEV-0137,CASE-0319,4,12.1,83.9,Severe
REC-0320,DEV-0220,CASE-0320,10,4.3,53.5,Low
REC-0321,DEV-0117,CASE-0321,67,19.1,15.7,Moderate
REC-0322,DEV-0233,CASE-0322,43,16.7,37.8,High
REC-0323,DEV-0208,CASE-0323,77,15.5,87.0,Severe
REC-0324,DEV-0074,CASE-0324,63,3.5,45.9,Moderate
REC-0325,DEV-0071,CASE-0325,34,11.7,87.2,Moderate
REC-0326,DEV-0099,CASE-0326,36,10.1,58.9,High
REC-0327,DEV-0222,CASE-0327,74,5.5,16.1,High
REC-0328,DEV-0095,CASE-0328,78,2.6,50.9,Low
REC-0329,DEV-0002,CASE-0329,58,18.4,65.1,Moderate
REC-0330,DEV-0113,CASE-0330,49,21.9,19.7,Moderate
REC-0331,DEV-0150,CASE-0331,89,2.4,85.3,Severe
REC-0332,DEV-0006,CASE-0332,52,10.5,40.6,High
REC-0333,DEV-0078,CASE-0333,18,3.3,55.1,Low
REC-0334,DEV-0012,CASE-0334,15,1.7,25.0,Low
REC-0335,DEV-0059,CASE-0335,27,18.6,86.6,Severe
REC-0336,DEV-0197,CASE-0336,65,9.4,41.6,Severe
REC-0337,DEV-0026,CASE-0337,15,17.8,18.0,Low
REC-0338,DEV-0033,CASE-0338,61,8.6,71.6,Low
REC-0339,DEV-0188,CASE-0339,108,5.7,19.7,Low
REC-0340,DEV-0087,CASE-0340,90,2.0,49.3,High
REC-0341,DEV-0031,CASE-0341,57,16.1,67.4,High
REC-0342,DEV-0134,CASE-0342,96,15.6,65.8,Severe
REC-0343,DEV-0126,CASE-0343,37,12.7,32.4,Moderate
REC-0344,DEV-0089,CASE-0344,15,20.5,86.7,Moderate
REC-0345,DEV-0004,CASE-0345,94,2.0,16.3,Moderate
REC-0346,DEV-0170,CASE-0346,72,1.5,17.2,Moderate
REC-0347,DEV-0037,CASE-0347,64,18.6,42.5,High
REC-0348,DEV-0178,CASE-0348,109,14.7,34.4,High
REC-0349,DEV-0188,CASE-0349,14,9.6,56.8,High
REC-0350,DEV-0217,CASE-0350,107,8.3,78.1,Low
REC-0351,DEV-0152,CASE-0351,95,14.9,31.4,Severe
REC-0352,DEV-0021,CASE-0352,33,3.5,15.9,Moderate
REC-0353,DEV-0246,CASE-0353,105,6.3,18.6,High
REC-0354,DEV-0133,CASE-0354,28,14.9,72.3,Low
REC-0355,DEV-0027,CASE-0355,53,18.8,82.5,Moderate
REC-0356,DEV-0190,CASE-0356,51,20.7,46.2,High
REC-0357,DEV-0094,CASE-0357,85,14.1,78.7,Moderate
REC-0358,DEV-0226,CASE-0358,67,16.7,56.5,Moderate
REC-0359,DEV-0214,CASE-0359,80,4.1,58.9,Moderate
REC-0360,DEV-0161,CASE-0360,97,10.0,67.8,Moderate
REC-0361,DEV-0039,CASE-0361,28,16.4,49.1,Low
REC-0362,DEV-0068,CASE-0362,1,2.3,27.1,Low
REC-0363,DEV-0128,CASE-0363,32,13.1,93.9,Severe
REC-0364,DEV-0031,CASE-0364,102,1.7,42.6,High
REC-0365,DEV-0052,CASE-0365,77,3.4,45.2,Low
REC-0366,DEV-0121,CASE-0366,23,12.2,75.4,Low
REC-0367,DEV-0070,CASE-0367,93,2.2,84.4,Moderate
REC-0368,DEV-0109,CASE-0368,69,5.7,76.2,Low
REC-0369,DEV-0097,CASE-0369,29,23.7,71.4,Low
REC-0370,DEV-0228,CASE-0370,9,4.3,56.8,Moderate
REC-0371,DEV-0238,CASE-0371,65,16.8,97.0,Moderate
REC-0372,DEV-0041,CASE-0372,61,15.9,56.9,Severe
REC-0373,DEV-0146,CASE-0373,66,9.4,83.3,Low
REC-0374,DEV-0107,CASE-0374,119,5.8,53.3,Severe
REC-0375,DEV-0194,CASE-0375,16,21.1,26.2,Low
REC-0376,DEV-0152,CASE-0376,46,13.6,17.7,Low
REC-0377,DEV-0090,CASE-0377,30,4.2,51.8,Moderate
REC-0378,DEV-0013,CASE-0378,46,10.8,38.7,Moderate
REC-0379,DEV-0084,CASE-0379,54,14.3,27.8,Low
REC-0380,DEV-0018,CASE-0380,69,12.9,22.2,High
REC-0381,DEV-0192,CASE-0381,103,17.9,24.0,Low
REC-0382,DEV-0119,CASE-0382,45,0.9,52.4,Low
REC-0383,DEV-0082,CASE-0383,11,13.8,29.7,Moderate
REC-0384,DEV-0228,CASE-0384,79,4.6,93.6,High
REC-0385,DEV-0137,CASE-0385,116,11.8,53.9,High
REC-0386,DEV-0085,CASE-0386,16,12.1,23.7,High
REC-0387,DEV-0226,CASE-0387,18,7.9,50.0,Moderate
REC-0388,DEV-0110,CASE-0388,20,6.5,52.6,High
REC-0389,DEV-0042,CASE-0389,113,16.0,60.9,Moderate
REC-0390,DEV-0003,CASE-0390,65,4.3,49.8,Low
REC-0391,DEV-0151,CASE-0391,119,5.5,36.5,Moderate
REC-0392,DEV-0240,CASE-0392,63,15.2,67.2,High
REC-0393,DEV-0222,CASE-0393,95,17.6,36.1,Moderate
REC-0394,DEV-0226,CASE-0394,39,16.1,67.1,Low
REC-0395,DEV-0121,CASE-0395,49,12.9,93.7,High
REC-0396,DEV-0009,CASE-0396,83,18.8,55.8,Low
REC-0397,DEV-0098,CASE-0397,100,11.2,37.1,Moderate
REC-0398,DEV-0201,CASE-0398,41,1.5,23.8,Moderate
REC-0399,DEV-0027,CASE-0399,109,14.4,32.6,Moderate
REC-0400,DEV-0084,CASE-0400,104,12.9,38.9,Severe
REC-0401,DEV-0109,CASE-0401,106,5.2,35.1,High
REC-0402,DEV-0128,CASE-0402,98,18.1,81.7,Severe
REC-0403,DEV-0147,CASE-0403,101,1.3,22.5,Low
REC-0404,DEV-0238,CASE-0404,73,5.6,48.6,Moderate
REC-0405,DEV-0021,CASE-0405,30,12.1,72.6,High
REC-0406,DEV-0019,CASE-0406,113,2.2,86.6,Low
REC-0407,DEV-0081,CASE-0407,62,20.3,79.7,Low
REC-0408,DEV-0211,CASE-0408,108,10.5,22.5,Moderate
REC-0409,DEV-0065,CASE-0409,97,4.9,43.6,High
REC-0410,DEV-0072,CASE-0410,52,1.2,77.7,Moderate
REC-0411,DEV-0004,CASE-0411,52,18.6,49.8,Low
REC-0412,DEV-0106,CASE-0412,86,20.7,31.1,High
REC-0413,DEV-0198,CASE-0413,93,21.0,65.9,Moderate
REC-0414,DEV-0076,CASE-0414,76,5.0,86.4,Moderate
REC-0415,DEV-0187,CASE-0415,88,7.5,59.5,Moderate
REC-0416,DEV-0249,CASE-0416,72,18.0,73.0,Moderate
REC-0417,DEV-0237,CASE-0417,66,4.0,67.3,Moderate
REC-0418,DEV-0067,CASE-0418,17,4.3,26.4,Severe
REC-0419,DEV-0125,CASE-0419,26,17.3,88.9,High
REC-0420,DEV-0231,CASE-0420,99,16.4,41.9,Low
REC-0421,DEV-0002,CASE-0421,95,11.4,48.9,Moderate
REC-0422,DEV-0053,CASE-0422,72,23.9,86.8,High
REC-0423,DEV-0029,CASE-0423,2,22.0,42.5,Low
REC-0424,DEV-0159,CASE-0424,14,22.8,36.5,High
REC-0425,DEV-0010,CASE-0425,7,5.9,73.2,High
REC-0426,DEV-0123,CASE-0426,6,10.0,90.6,Severe
REC-0427,DEV-0217,CASE-0427,108,14.1,63.3,Low
REC-0428,DEV-0094,CASE-0428,49,17.7,40.7,Moderate
REC-0429,DEV-0179,CASE-0429,62,20.9,59.7,High
REC-0430,DEV-0180,CASE-0430,19,14.1,83.2,High
REC-0431,DEV-0117,CASE-0431,36,8.0,82.4,Severe
REC-0432,DEV-0059,CASE-0432,116,12.2,92.8,Moderate
REC-0433,DEV-0234,CASE-0433,70,3.0,63.2,Severe
REC-0434,DEV-0032,CASE-0434,39,8.9,40.3,Moderate
REC-0435,DEV-0100,CASE-0435,49,13.9,90.7,High
REC-0436,DEV-0159,CASE-0436,40,7.0,68.3,High
REC-0437,DEV-0132,CASE-0437,59,23.1,16.5,Moderate
REC-0438,DEV-0009,CASE-0438,9,1.6,23.0,High
REC-0439,DEV-0106,CASE-0439,69,13.6,89.3,Severe
REC-0440,DEV-0044,CASE-0440,92,21.2,61.5,Moderate
REC-0441,DEV-0068,CASE-0441,54,5.0,43.2,Moderate
REC-0442,DEV-0106,CASE-0442,41,23.0,59.5,Moderate
REC-0443,DEV-0049,CASE-0443,73,11.7,56.3,Low
REC-0444,DEV-0008,CASE-0444,3,7.4,78.3,Low
REC-0445,DEV-0188,CASE-0445,82,12.3,35.8,Moderate
REC-0446,DEV-0022,CASE-0446,108,4.2,56.0,Moderate
REC-0447,DEV-0046,CASE-0447,94,10.9,86.6,Low
REC-0448,DEV-0022,CASE-0448,76,18.7,21.7,Low
REC-0449,DEV-0186,CASE-0449,8,1.5,91.6,Moderate
REC-0450,DEV-0139,CASE-0450,48,8.2,90.6,High
REC-0451,DEV-0247,CASE-0451,80,1.0,75.4,Low
REC-0452,DEV-0029,CASE-0452,13,8.1,26.2,High
REC-0453,DEV-0247,CASE-0453,100,12.6,24.9,Moderate
REC-0454,DEV-0099,CASE-0454,25,22.2,25.3,Moderate
REC-0455,DEV-0103,CASE-0455,54,15.9,87.9,Moderate
REC-0456,DEV-0051,CASE-0456,86,17.7,35.7,Low
REC-0457,DEV-0212,CASE-0457,59,19.1,81.7,Moderate
REC-0458,DEV-0232,CASE-0458,60,22.7,23.4,Moderate
REC-0459,DEV-0004,CASE-0459,19,8.9,91.4,Moderate
REC-0460,DEV-0142,CASE-0460,41,15.8,80.5,Moderate
REC-0461,DEV-0219,CASE-0461,83,20.0,50.5,Low
REC-0462,DEV-0241,CASE-0462,44,15.9,41.6,Moderate
REC-0463,DEV-0001,CASE-0463,36,9.5,65.4,Low
REC-0464,DEV-0240,CASE-0464,98,14.7,20.2,High
REC-0465,DEV-0053,CASE-0465,119,19.6,52.2,Severe
REC-0466,DEV-0108,CASE-0466,54,20.2,88.8,Severe
REC-0467,DEV-0118,CASE-0467,4,17.6,89.2,Moderate
REC-0468,DEV-0086,CASE-0468,83,9.5,74.9,Moderate
REC-0469,DEV-0095,CASE-0469,23,3.5,59.5,Moderate
REC-0470,DEV-0238,CASE-0470,21,3.9,26.1,High
REC-0471,DEV-0107,CASE-0471,38,15.3,25.5,Severe
REC-0472,DEV-0200,CASE-0472,102,18.4,77.0,High
REC-0473,DEV-0242,CASE-0473,43,14.7,44.8,Low
REC-0474,DEV-0151,CASE-0474,80,11.0,73.6,Low
REC-0475,DEV-0068,CASE-0475,8,11.4,61.4,Moderate
REC-0476,DEV-0006,CASE-0476,95,18.9,22.8,Severe
REC-0477,DEV-0236,CASE-0477,93,14.0,85.2,Moderate
REC-0478,DEV-0207,CASE-0478,17,10.5,43.1,High
REC-0479,DEV-0038,CASE-0479,78,9.1,88.3,Moderate
REC-0480,DEV-0186,CASE-0480,90,20.7,38.8,Moderate
REC-0481,DEV-0153,CASE-0481,39,3.7,30.0,High
REC-0482,DEV-0077,CASE-0482,108,12.1,36.7,Moderate
REC-0483,DEV-0240,CASE-0483,85,11.9,48.4,Moderate
REC-0484,DEV-0223,CASE-0484,6,12.1,24.7,Moderate
REC-0485,DEV-0156,CASE-0485,17,0.3,53.3,Moderate
REC-0486,DEV-0204,CASE-0486,103,11.0,41.3,High
REC-0487,DEV-0166,CASE-0487,14,1.9,18.4,Moderate
REC-0488,DEV-0122,CASE-0488,107,21.5,50.7,Low
REC-0489,DEV-0148,CASE-0489,3,14.1,82.7,Moderate
REC-0490,DEV-0123,CASE-0490,17,19.2,29.0,Moderate
REC-0491,DEV-0128,CASE-0491,73,11.5,42.1,Moderate
REC-0492,DEV-0175,CASE-0492,109,11.0,95.3,Low
REC-0493,DEV-0177,CASE-0493,83,2.0,49.0,High
REC-0494,DEV-0122,CASE-0494,89,20.4,19.6,Low
REC-0495,DEV-0075,CASE-0495,28,23.6,85.9,Moderate
REC-0496,DEV-0172,CASE-0496,59,22.3,18.2,Moderate
REC-0497,DEV-0019,CASE-0497,40,6.7,23.2,Moderate
REC-0498,DEV-0052,CASE-0498,73,14.0,34.2,High
REC-0499,DEV-0006,CASE-0499,116,22.3,43.9,Moderate
REC-0500,DEV-0220,CASE-0500,11,20.1,64.3,Low
REC-0501,DEV-0067,CASE-0501,100,13.0,34.8,High
REC-0502,DEV-0203,CASE-0502,73,11.0,56.9,Moderate
REC-0503,DEV-0178,CASE-0503,71,8.2,27.8,Moderate
REC-0504,DEV-0011,CASE-0504,38,6.9,30.5,High
REC-0505,DEV-0130,CASE-0505,2,21.9,35.7,Moderate
REC-0506,DEV-0104,CASE-0506,19,18.6,39.2,Moderate
REC-0507,DEV-0127,CASE-0507,109,21.4,86.5,Low
REC-0508,DEV-0080,CASE-0508,39,19.8,37.5,High
REC-0509,DEV-0234,CASE-0509,44,20.0,33.8,High
REC-0510,DEV-0034,CASE-0510,21,19.5,97.7,Low
REC-0511,DEV-0211,CASE-0511,78,3.3,54.2,Moderate
REC-0512,DEV-0030,CASE-0512,64,19.9,67.4,Moderate
REC-0513,DEV-0035,CASE-0513,59,16.0,97.4,Low
REC-0514,DEV-0119,CASE-0514,94,17.4,57.7,Low
REC-0515,DEV-0048,CASE-0515,50,2.0,39.3,Moderate
REC-0516,DEV-0015,CASE-0516,98,4.8,68.3,High
REC-0517,DEV-0223,CASE-0517,64,19.4,25.7,Low
REC-0518,DEV-0178,CASE-0518,58,13.0,48.1,Moderate
REC-0519,DEV-0074,CASE-0519,58,15.9,35.2,Low
REC-0520,DEV-0239,CASE-0520,28,3.0,92.7,Severe
REC-0521,DEV-0078,CASE-0521,98,13.1,52.1,Low
REC-0522,DEV-0022,CASE-0522,103,18.4,87.1,Low
REC-0523,DEV-0182,CASE-0523,37,10.9,88.0,High
REC-0524,DEV-0075,CASE-0524,77,10.3,20.1,Low
REC-0525,DEV-0186,CASE-0525,78,19.8,27.3,High
REC-0526,DEV-0094,CASE-0526,17,15.9,80.4,Moderate
REC-0527,DEV-0139,CASE-0527,73,23.8,49.9,Severe
REC-0528,DEV-0028,CASE-0528,72,6.4,78.5,Moderate
REC-0529,DEV-0008,CASE-0529,89,11.5,63.4,Severe
REC-0530,DEV-0206,CASE-0530,65,2.2,61.0,Low
REC-0531,DEV-0150,CASE-0531,5,3.0,27.6,Moderate
REC-0532,DEV-0131,CASE-0532,23,22.1,68.5,Severe
REC-0533,DEV-0227,CASE-0533,91,23.3,31.3,Low
REC-0534,DEV-0051,CASE-0534,80,1.9,37.8,Low
REC-0535,DEV-0100,CASE-0535,98,11.7,66.2,Moderate
REC-0536,DEV-0190,CASE-0536,26,17.8,26.9,Severe
REC-0537,DEV-0014,CASE-0537,82,6.0,57.7,Moderate
REC-0538,DEV-0068,CASE-0538,65,10.3,51.9,Low
REC-0539,DEV-0152,CASE-0539,106,17.3,78.1,Moderate
REC-0540,DEV-0104,CASE-0540,82,2.9,28.2,High
REC-0541,DEV-0101,CASE-0541,117,16.7,54.1,Low
REC-0542,DEV-0242,CASE-0542,45,6.8,75.8,Low
REC-0543,DEV-0095,CASE-0543,40,21.3,56.3,High
REC-0544,DEV-0134,CASE-0544,79,6.3,24.0,High
REC-0545,DEV-0149,CASE-0545,2,8.5,30.6,Moderate
REC-0546,DEV-0074,CASE-0546,17,4.0,17.4,Moderate
REC-0547,DEV-0165,CASE-0547,76,7.6,71.5,Moderate
REC-0548,DEV-0048,CASE-0548,42,20.5,24.7,Severe
REC-0549,DEV-0221,CASE-0549,92,14.4,50.8,Low
REC-0550,DEV-0002,CASE-0550,105,1.4,15.7,Low
REC-0551,DEV-0062,CASE-0551,16,15.5,45.6,High
REC-0552,DEV-0186,CASE-0552,71,17.9,83.3,Low
REC-0553,DEV-0220,CASE-0553,4,5.6,54.3,Moderate
REC-0554,DEV-0049,CASE-0554,81,19.0,61.5,Moderate
REC-0555,DEV-0209,CASE-0555,18,2.2,42.4,Severe
REC-0556,DEV-0126,CASE-0556,118,2.8,25.1,Moderate
REC-0557,DEV-0061,CASE-0557,102,8.0,35.9,High
REC-0558,DEV-0117,CASE-0558,97,14.8,51.4,Moderate
REC-0559,DEV-0248,CASE-0559,63,21.5,46.4,High
REC-0560,DEV-0126,CASE-0560,1,12.8,97.8,Moderate
REC-0561,DEV-0242,CASE-0561,36,8.9,20.4,High
REC-0562,DEV-0107,CASE-0562,56,3.1,46.3,High
REC-0563,DEV-0055,CASE-0563,26,21.2,59.5,High
REC-0564,DEV-0181,CASE-0564,76,23.5,83.4,High
REC-0565,DEV-0211,CASE-0565,56,8.1,91.6,High
REC-0566,DEV-0229,CASE-0566,104,23.4,77.9,Severe
REC-0567,DEV-0078,CASE-0567,17,18.2,28.5,Moderate
REC-0568,DEV-0138,CASE-0568,76,6.5,79.8,High
REC-0569,DEV-0061,CASE-0569,112,7.2,95.4,Low
REC-0570,DEV-0161,CASE-0570,79,10.2,61.1,High
REC-0571,DEV-0031,CASE-0571,16,5.9,90.8,High
REC-0572,DEV-0130,CASE-0572,78,14.0,77.3,High
REC-0573,DEV-0017,CASE-0573,57,11.9,76.0,Moderate
REC-0574,DEV-0224,CASE-0574,66,7.0,64.9,High
REC-0575,DEV-0080,CASE-0575,109,21.6,56.2,Moderate
REC-0576,DEV-0204,CASE-0576,23,23.8,29.7,High
REC-0577,DEV-0111,CASE-0577,112,5.9,63.4,High
REC-0578,DEV-0144,CASE-0578,98,19.6,74.4,Severe
REC-0579,DEV-0029,CASE-0579,56,20.4,18.6,Moderate
REC-0580,DEV-0041,CASE-0580,20,18.8,57.1,Moderate
REC-0581,DEV-0059,CASE-0581,83,11.3,66.1,Low
REC-0582,DEV-0010,CASE-0582,51,2.3,74.2,Low
REC-0583,DEV-0215,CASE-0583,109,16.1,26.4,Low
REC-0584,DEV-0003,CASE-0584,56,6.1,88.0,Moderate
REC-0585,DEV-0054,CASE-0585,13,11.7,95.7,Moderate
REC-0586,DEV-0077,CASE-0586,40,13.5,38.4,Severe
REC-0587,DEV-0090,CASE-0587,40,16.7,20.3,High
REC-0588,DEV-0116,CASE-0588,97,2.9,46.3,Moderate
REC-0589,DEV-0070,CASE-0589,53,6.5,56.2,Moderate
REC-0590,DEV-0065,CASE-0590,100,5.6,34.5,High
REC-0591,DEV-0175,CASE-0591,50,22.4,30.3,Low
REC-0592,DEV-0070,CASE-0592,36,4.3,51.8,Low
REC-0593,DEV-0121,CASE-0593,105,17.7,16.8,Moderate
REC-0594,DEV-0071,CASE-0594,98,7.1,21.0,Moderate
REC-0595,DEV-0175,CASE-0595,19,19.8,26.2,Moderate
REC-0596,DEV-0045,CASE-0596,45,5.8,34.3,Severe
REC-0597,DEV-0172,CASE-0597,77,23.2,81.0,Moderate
REC-0598,DEV-0150,CASE-0598,99,3.4,17.2,Moderate
REC-0599,DEV-0112,CASE-0599,107,16.4,58.8,Low
REC-0600,DEV-0083,CASE-0600,66,15.2,22.9,High
REC-0601,DEV-0001,CASE-0601,32,21.6,72.2,Moderate
REC-0602,DEV-0245,CASE-0602,83,22.4,41.8,Moderate
REC-0603,DEV-0177,CASE-0603,66,19.0,62.9,High
REC-0604,DEV-0222,CASE-0604,43,0.7,60.9,High
REC-0605,DEV-0158,CASE-0605,108,22.5,52.4,Severe
REC-0606,DEV-0191,CASE-0606,105,13.5,56.0,Low
REC-0607,DEV-0158,CASE-0607,53,17.5,77.5,High
REC-0608,DEV-0236,CASE-0608,76,21.6,29.4,Moderate
REC-0609,DEV-0162,CASE-0609,87,6.6,40.9,Low
REC-0610,DEV-0012,CASE-0610,23,5.0,32.9,Severe
REC-0611,DEV-0077,CASE-0611,34,17.5,89.5,Moderate
REC-0612,DEV-0187,CASE-0612,94,5.7,73.3,High
REC-0613,DEV-0042,CASE-0613,15,21.2,16.8,Moderate
REC-0614,DEV-0154,CASE-0614,49,1.1,31.4,Moderate
REC-0615,DEV-0250,CASE-0615,37,14.2,72.5,High
REC-0616,DEV-0054,CASE-0616,118,22.9,74.0,Moderate
REC-0617,DEV-0230,CASE-0617,70,4.1,73.4,Low
REC-0618,DEV-0062,CASE-0618,111,5.8,75.5,Low
REC-0619,DEV-0164,CASE-0619,112,13.5,32.6,High
REC-0620,DEV-0065,CASE-0620,55,2.5,15.7,Low
REC-0621,DEV-0056,CASE-0621,59,2.0,84.1,Low
REC-0622,DEV-0160,CASE-0622,29,12.7,40.8,Moderate
REC-0623,DEV-0056,CASE-0623,79,2.5,96.3,Low
REC-0624,DEV-0015,CASE-0624,15,23.0,52.6,High
REC-0625,DEV-0132,CASE-0625,62,8.4,85.0,Severe
REC-0626,DEV-0122,CASE-0626,71,23.1,18.4,Moderate
REC-0627,DEV-0204,CASE-0627,26,24.0,94.3,High
REC-0628,DEV-0237,CASE-0628,27,1.7,80.6,Severe
REC-0629,DEV-0164,CASE-0629,62,21.1,16.9,Severe
REC-0630,DEV-0044,CASE-0630,35,22.9,92.6,Moderate
REC-0631,DEV-0236,CASE-0631,102,18.4,55.0,Severe
REC-0632,DEV-0245,CASE-0632,34,0.6,70.7,Moderate
REC-0633,DEV-0112,CASE-0633,88,14.6,16.9,Low
REC-0634,DEV-0157,CASE-0634,30,9.4,83.6,Severe
REC-0635,DEV-0221,CASE-0635,9,6.0,17.3,Moderate
REC-0636,DEV-0177,CASE-0636,8,0.6,54.2,High
REC-0637,DEV-0102,CASE-0637,42,14.8,90.0,High
REC-0638,DEV-0187,CASE-0638,52,18.6,98.0,Moderate
REC-0639,DEV-0111,CASE-0639,34,14.9,79.7,Moderate
REC-0640,DEV-0228,CASE-0640,101,6.3,70.5,Severe
REC-0641,DEV-0207,CASE-0641,15,19.6,22.8,Severe
REC-0642,DEV-0247,CASE-0642,34,5.7,54.3,Moderate
REC-0643,DEV-0097,CASE-0643,108,3.0,81.0,Low
REC-0644,DEV-0116,CASE-0644,103,13.6,72.2,Low
REC-0645,DEV-0208,CASE-0645,4,3.7,29.0,Low
REC-0646,DEV-0125,CASE-0646,69,0.3,77.6,Low
REC-0647,DEV-0159,CASE-0647,65,3.8,59.7,Moderate
REC-0648,DEV-0148,CASE-0648,61,22.6,69.6,Moderate
REC-0649,DEV-0021,CASE-0649,119,2.3,57.2,High
REC-0650,DEV-0133,CASE-0650,14,19.4,85.8,Moderate
REC-0651,DEV-0212,CASE-0651,1,22.9,91.1,High
REC-0652,DEV-0102,CASE-0652,23,16.9,76.7,Moderate
REC-0653,DEV-0150,CASE-0653,85,4.9,45.9,Moderate
REC-0654,DEV-0029,CASE-0654,2,22.1,16.0,Severe
REC-0655,DEV-0221,CASE-0655,19,11.6,66.9,Severe
REC-0656,DEV-0241,CASE-0656,46,7.2,80.1,Moderate
REC-0657,DEV-0192,CASE-0657,33,4.7,97.3,Low
REC-0658,DEV-0211,CASE-0658,36,9.0,77.7,Low
REC-0659,DEV-0077,CASE-0659,55,10.2,72.2,Low
REC-0660,DEV-0130,CASE-0660,64,18.7,15.4,Severe
REC-0661,DEV-0205,CASE-0661,84,14.7,42.8,Moderate
REC-0662,DEV-0081,CASE-0662,95,3.3,33.3,Moderate
REC-0663,DEV-0078,CASE-0663,38,11.6,20.8,High
REC-0664,DEV-0069,CASE-0664,11,13.2,83.6,High
REC-0665,DEV-0092,CASE-0665,33,23.5,27.0,High
REC-0666,DEV-0090,CASE-0666,75,4.9,26.5,Severe
REC-0667,DEV-0227,CASE-0667,47,22.9,49.6,Moderate
REC-0668,DEV-0232,CASE-0668,10,17.8,26.4,High
REC-0669,DEV-0033,CASE-0669,61,3.0,45.4,Moderate
REC-0670,DEV-0045,CASE-0670,81,11.1,46.5,Moderate
REC-0671,DEV-0162,CASE-0671,111,18.8,67.1,Moderate
REC-0672,DEV-0145,CASE-0672,22,11.0,48.7,Moderate
REC-0673,DEV-0203,CASE-0673,4,11.8,60.8,Moderate
REC-0674,DEV-0095,CASE-0674,70,20.3,47.0,High
REC-0675,DEV-0219,CASE-0675,61,15.8,29.2,Low
REC-0676,DEV-0123,CASE-0676,96,1.9,51.1,Low
REC-0677,DEV-0224,CASE-0677,10,1.9,58.0,Moderate
REC-0678,DEV-0126,CASE-0678,90,10.3,42.0,Low
REC-0679,DEV-0057,CASE-0679,18,12.5,39.0,Low
REC-0680,DEV-0226,CASE-0680,4,13.8,27.7,Moderate
REC-0681,DEV-0068,CASE-0681,75,4.2,29.2,Moderate
REC-0682,DEV-0172,CASE-0682,39,19.4,95.2,Moderate
REC-0683,DEV-0242,CASE-0683,17,11.7,32.4,Moderate
REC-0684,DEV-0013,CASE-0684,9,9.0,81.3,Severe
REC-0685,DEV-0178,CASE-0685,7,5.9,27.6,High
REC-0686,DEV-0018,CASE-0686,29,23.1,56.1,High
REC-0687,DEV-0096,CASE-0687,73,5.6,95.2,High
REC-0688,DEV-0009,CASE-0688,9,20.2,92.1,Low
REC-0689,DEV-0047,CASE-0689,75,7.7,29.1,High
REC-0690,DEV-0057,CASE-0690,110,20.2,76.5,Severe
REC-0691,DEV-0247,CASE-0691,62,17.2,36.1,Moderate
REC-0692,DEV-0173,CASE-0692,112,0.7,20.1,Low
REC-0693,DEV-0156,CASE-0693,101,21.0,54.5,Moderate
REC-0694,DEV-0066,CASE-0694,108,4.5,97.8,Low
REC-0695,DEV-0017,CASE-0695,2,2.5,74.2,Low
REC-0696,DEV-0165,CASE-0696,84,19.6,21.5,High
REC-0697,DEV-0069,CASE-0697,100,1.1,94.0,High
REC-0698,DEV-0225,CASE-0698,58,11.3,70.1,Moderate
REC-0699,DEV-0233,CASE-0699,63,10.1,38.2,Low
REC-0700,DEV-0164,CASE-0700,29,20.0,33.2,Low
REC-0701,DEV-0134,CASE-0701,61,15.3,35.6,Moderate
REC-0702,DEV-0014,CASE-0702,85,2.2,41.6,High
REC-0703,DEV-0187,CASE-0703,42,15.1,15.5,Moderate
REC-0704,DEV-0228,CASE-0704,42,16.2,80.9,Moderate
REC-0705,DEV-0174,CASE-0705,20,18.0,86.3,Moderate
REC-0706,DEV-0096,CASE-0706,57,15.2,97.0,Moderate
REC-0707,DEV-0027,CASE-0707,34,2.4,29.9,High
REC-0708,DEV-0128,CASE-0708,31,19.8,38.4,High
REC-0709,DEV-0057,CASE-0709,29,0.8,47.2,Moderate
REC-0710,DEV-0042,CASE-0710,66,2.7,17.7,Moderate
REC-0711,DEV-0207,CASE-0711,90,20.7,74.1,High
REC-0712,DEV-0242,CASE-0712,1,12.6,61.6,Moderate
REC-0713,DEV-0156,CASE-0713,33,21.5,77.9,Severe
REC-0714,DEV-0029,CASE-0714,4,18.0,29.4,Low
REC-0715,DEV-0059,CASE-0715,1,17.1,27.5,Moderate
REC-0716,DEV-0078,CASE-0716,15,14.9,21.8,Severe
REC-0717,DEV-0060,CASE-0717,109,6.4,72.3,Moderate
REC-0718,DEV-0004,CASE-0718,34,16.0,87.3,High
REC-0719,DEV-0122,CASE-0719,58,4.8,71.0,Severe
REC-0720,DEV-0045,CASE-0720,30,11.1,87.4,High
REC-0721,DEV-0110,CASE-0721,29,8.1,65.5,Moderate
REC-0722,DEV-0029,CASE-0722,97,22.9,28.4,Moderate
REC-0723,DEV-0215,CASE-0723,116,13.2,73.3,Low
REC-0724,DEV-0191,CASE-0724,94,18.2,86.3,High
REC-0725,DEV-0178,CASE-0725,19,13.1,67.2,Moderate
REC-0726,DEV-0011,CASE-0726,7,5.2,80.9,High
REC-0727,DEV-0213,CASE-0727,45,8.5,95.5,High
REC-0728,DEV-0062,CASE-0728,20,21.5,41.5,Severe
REC-0729,DEV-0113,CASE-0729,14,7.8,79.7,Moderate
REC-0730,DEV-0121,CASE-0730,91,17.7,15.8,Moderate
REC-0731,DEV-0197,CASE-0731,116,4.6,78.5,Low
REC-0732,DEV-0007,CASE-0732,62,10.6,76.6,High
REC-0733,DEV-0021,CASE-0733,3,22.0,75.4,Moderate
REC-0734,DEV-0214,CASE-0734,116,5.2,55.0,High
REC-0735,DEV-0218,CASE-0735,96,16.3,24.0,Moderate
REC-0736,DEV-0104,CASE-0736,52,7.0,69.4,High
REC-0737,DEV-0145,CASE-0737,16,14.8,48.7,High
REC-0738,DEV-0200,CASE-0738,42,10.9,27.1,High
REC-0739,DEV-0229,CASE-0739,76,20.8,57.3,Moderate
REC-0740,DEV-0242,CASE-0740,88,3.6,23.8,Severe
REC-0741,DEV-0119,CASE-0741,94,21.7,51.8,Low
REC-0742,DEV-0172,CASE-0742,15,21.6,26.8,Severe
REC-0743,DEV-0045,CASE-0743,15,14.4,67.2,Moderate
REC-0744,DEV-0025,CASE-0744,63,4.4,17.4,Low
REC-0745,DEV-0106,CASE-0745,97,10.0,31.4,High
REC-0746,DEV-0005,CASE-0746,23,8.2,78.4,Low
REC-0747,DEV-0243,CASE-0747,54,6.4,31.7,Severe
REC-0748,DEV-0233,CASE-0748,44,10.7,28.6,Moderate
REC-0749,DEV-0220,CASE-0749,13,16.1,34.7,High
REC-0750,DEV-0063,CASE-0750,69,8.6,18.2,Moderate
REC-0751,DEV-0175,CASE-0751,46,19.2,25.0,Moderate
REC-0752,DEV-0249,CASE-0752,92,8.1,44.4,High
REC-0753,DEV-0048,CASE-0753,107,15.1,94.1,Low
REC-0754,DEV-0093,CASE-0754,45,9.1,20.2,Severe
REC-0755,DEV-0151,CASE-0755,85,3.9,45.5,Moderate
REC-0756,DEV-0059,CASE-0756,69,15.6,62.9,Low
REC-0757,DEV-0175,CASE-0757,73,0.8,69.2,High
REC-0758,DEV-0155,CASE-0758,2,9.1,66.1,Moderate
REC-0759,DEV-0139,CASE-0759,95,14.0,77.8,Moderate
REC-0760,DEV-0224,CASE-0760,79,11.5,34.0,Severe
REC-0761,DEV-0067,CASE-0761,17,5.1,18.6,High
REC-0762,DEV-0152,CASE-0762,14,14.7,26.6,High
REC-0763,DEV-0066,CASE-0763,8,20.0,46.1,Low
REC-0764,DEV-0234,CASE-0764,68,10.7,89.3,Severe
REC-0765,DEV-0110,CASE-0765,71,20.1,69.8,Low
REC-0766,DEV-0105,CASE-0766,25,2.2,17.7,Moderate
REC-0767,DEV-0220,CASE-0767,102,3.2,92.4,Severe
REC-0768,DEV-0184,CASE-0768,104,12.4,68.0,Moderate
REC-0769,DEV-0078,CASE-0769,35,16.3,80.5,Low
REC-0770,DEV-0201,CASE-0770,100,22.4,21.4,Low
REC-0771,DEV-0094,CASE-0771,34,11.4,16.6,High
REC-0772,DEV-0036,CASE-0772,115,13.9,62.8,Severe
REC-0773,DEV-0023,CASE-0773,8,1.7,50.7,High
REC-0774,DEV-0049,CASE-0774,90,12.3,62.3,High
REC-0775,DEV-0008,CASE-0775,113,13.9,88.5,Severe
REC-0776,DEV-0083,CASE-0776,14,14.7,21.3,High
REC-0777,DEV-0013,CASE-0777,57,4.8,82.9,Low
REC-0778,DEV-0016,CASE-0778,32,15.6,59.4,Moderate
REC-0779,DEV-0219,CASE-0779,74,22.6,40.6,Moderate
REC-0780,DEV-0023,CASE-0780,113,1.0,70.8,Low
REC-0781,DEV-0195,CASE-0781,20,18.2,90.4,High
REC-0782,DEV-0184,CASE-0782,73,9.6,34.5,Low
REC-0783,DEV-0121,CASE-0783,42,23.4,68.0,Moderate
REC-0784,DEV-0094,CASE-0784,61,11.0,53.9,Moderate
REC-0785,DEV-0131,CASE-0785,113,17.2,78.9,Moderate
REC-0786,DEV-0028,CASE-0786,75,23.7,96.8,High
REC-0787,DEV-0154,CASE-0787,75,21.5,44.3,Low
REC-0788,DEV-0149,CASE-0788,30,15.0,23.4,Moderate
REC-0789,DEV-0124,CASE-0789,43,15.9,23.1,Moderate
REC-0790,DEV-0207,CASE-0790,85,13.6,90.9,Moderate
REC-0791,DEV-0228,CASE-0791,78,20.3,71.1,Low
REC-0792,DEV-0098,CASE-0792,116,8.5,90.9,High
REC-0793,DEV-0157,CASE-0793,104,22.1,88.0,Moderate
REC-0794,DEV-0206,CASE-0794,119,13.2,17.7,Moderate
REC-0795,DEV-0007,CASE-0795,59,15.0,77.8,Moderate
REC-0796,DEV-0101,CASE-0796,47,4.1,68.9,Moderate
REC-0797,DEV-0117,CASE-0797,22,5.1,76.5,Moderate
REC-0798,DEV-0028,CASE-0798,115,16.6,41.1,Moderate
REC-0799,DEV-0104,CASE-0799,65,12.7,89.5,Low
REC-0800,DEV-0058,CASE-0800,74,3.0,75.6,Moderate
REC-0801,DEV-0034,CASE-0801,83,15.7,26.7,Severe
REC-0802,DEV-0038,CASE-0802,86,6.8,95.4,High
REC-0803,DEV-0045,CASE-0803,70,9.5,89.4,Moderate
REC-0804,DEV-0244,CASE-0804,78,21.3,96.2,Moderate
REC-0805,DEV-0063,CASE-0805,34,7.4,60.8,High
REC-0806,DEV-0216,CASE-0806,1,3.9,72.9,Low
REC-0807,DEV-0155,CASE-0807,54,15.5,97.2,Moderate
REC-0808,DEV-0069,CASE-0808,62,12.8,17.6,High
REC-0809,DEV-0245,CASE-0809,22,15.7,87.6,Moderate
REC-0810,DEV-0092,CASE-0810,59,5.4,29.3,Low
REC-0811,DEV-0146,CASE-0811,62,1.0,82.3,High
REC-0812,DEV-0218,CASE-0812,40,11.8,75.8,Severe
REC-0813,DEV-0089,CASE-0813,28,8.5,31.5,Low
REC-0814,DEV-0193,CASE-0814,39,10.8,49.7,High
REC-0815,DEV-0190,CASE-0815,11,20.2,85.7,Moderate
REC-0816,DEV-0145,CASE-0816,20,22.7,88.9,Moderate
REC-0817,DEV-0037,CASE-0817,72,18.9,36.9,High
REC-0818,DEV-0170,CASE-0818,83,16.5,79.2,Moderate
REC-0819,DEV-0073,CASE-0819,57,23.6,64.1,High
REC-0820,DEV-0239,CASE-0820,67,7.0,75.8,Low
REC-0821,DEV-0020,CASE-0821,28,2.6,69.6,Moderate
REC-0822,DEV-0127,CASE-0822,5,11.7,24.7,High
REC-0823,DEV-0222,CASE-0823,34,1.2,31.1,Severe
REC-0824,DEV-0113,CASE-0824,17,9.4,29.7,Moderate
REC-0825,DEV-0076,CASE-0825,109,15.4,81.9,Moderate
REC-0826,DEV-0051,CASE-0826,34,23.8,80.8,Severe
REC-0827,DEV-0071,CASE-0827,11,3.2,76.6,High
REC-0828,DEV-0075,CASE-0828,91,15.3,49.7,Moderate
REC-0829,DEV-0236,CASE-0829,33,12.3,60.9,Moderate
REC-0830,DEV-0002,CASE-0830,109,21.9,21.3,Low
REC-0831,DEV-0122,CASE-0831,107,13.1,55.7,High
REC-0832,DEV-0018,CASE-0832,20,14.3,81.2,High
REC-0833,DEV-0171,CASE-0833,30,5.0,43.5,High
REC-0834,DEV-0184,CASE-0834,82,20.3,17.3,Severe
REC-0835,DEV-0134,CASE-0835,15,3.1,16.9,Moderate
REC-0836,DEV-0186,CASE-0836,4,13.8,79.3,Moderate
REC-0837,DEV-0085,CASE-0837,37,10.7,82.6,Severe
REC-0838,DEV-0086,CASE-0838,81,20.4,19.5,Moderate
REC-0839,DEV-0173,CASE-0839,59,8.2,82.7,High
REC-0840,DEV-0015,CASE-0840,102,16.5,72.3,Severe
REC-0841,DEV-0164,CASE-0841,31,7.6,32.1,Moderate
REC-0842,DEV-0156,CASE-0842,57,1.0,37.9,Moderate
REC-0843,DEV-0068,CASE-0843,51,7.0,17.7,High
REC-0844,DEV-0140,CASE-0844,43,6.8,97.4,Moderate
REC-0845,DEV-0073,CASE-0845,58,2.4,20.9,High
REC-0846,DEV-0128,CASE-0846,18,21.7,84.0,Severe
REC-0847,DEV-0207,CASE-0847,12,11.5,84.2,High
REC-0848,DEV-0247,CASE-0848,81,6.2,96.4,High
REC-0849,DEV-0152,CASE-0849,22,20.1,63.1,Low
REC-0850,DEV-0178,CASE-0850,61,20.5,23.5,High
REC-0851,DEV-0082,CASE-0851,75,18.3,20.2,Moderate
REC-0852,DEV-0186,CASE-0852,98,3.3,26.2,Moderate
REC-0853,DEV-0067,CASE-0853,16,21.1,82.9,Moderate
REC-0854,DEV-0071,CASE-0854,61,4.1,34.6,Low
REC-0855,DEV-0176,CASE-0855,54,13.9,61.2,High
REC-0856,DEV-0020,CASE-0856,82,8.6,92.6,Low
REC-0857,DEV-0205,CASE-0857,94,8.8,71.7,Severe
REC-0858,DEV-0136,CASE-0858,46,21.0,44.4,Low
REC-0859,DEV-0113,CASE-0859,24,14.8,35.4,Moderate
REC-0860,DEV-0061,CASE-0860,48,3.6,67.4,High
REC-0861,DEV-0129,CASE-0861,9,20.2,43.4,Severe
REC-0862,DEV-0103,CASE-0862,90,19.3,18.9,Moderate
REC-0863,DEV-0136,CASE-0863,84,10.6,97.2,Low
REC-0864,DEV-0018,CASE-0864,75,19.3,30.2,Severe
REC-0865,DEV-0154,CASE-0865,29,15.7,18.6,Moderate
REC-0866,DEV-0190,CASE-0866,19,18.1,97.2,Low
REC-0867,DEV-0033,CASE-0867,50,0.3,66.0,Low
REC-0868,DEV-0246,CASE-0868,4,18.1,46.8,Low
REC-0869,DEV-0079,CASE-0869,8,21.7,73.3,Low
REC-0870,DEV-0028,CASE-0870,8,12.1,25.4,High
REC-0871,DEV-0079,CASE-0871,35,1.1,64.6,Moderate
REC-0872,DEV-0219,CASE-0872,23,19.6,92.7,Moderate
REC-0873,DEV-0241,CASE-0873,13,14.3,51.7,Low
REC-0874,DEV-0244,CASE-0874,57,2.8,35.1,High
REC-0875,DEV-0248,CASE-0875,55,11.0,93.6,Moderate
REC-0876,DEV-0036,CASE-0876,119,15.2,95.8,Severe
REC-0877,DEV-0112,CASE-0877,115,1.0,27.4,Moderate
REC-0878,DEV-0003,CASE-0878,37,9.4,35.4,Moderate
REC-0879,DEV-0186,CASE-0879,89,11.6,78.4,High
REC-0880,DEV-0072,CASE-0880,81,16.4,28.4,Moderate
REC-0881,DEV-0228,CASE-0881,71,9.7,83.3,Low
REC-0882,DEV-0087,CASE-0882,4,6.7,82.7,Moderate
REC-0883,DEV-0001,CASE-0883,34,12.5,24.1,Severe
REC-0884,DEV-0074,CASE-0884,93,0.3,75.6,High
REC-0885,DEV-0058,CASE-0885,8,14.1,82.7,Low
REC-0886,DEV-0246,CASE-0886,35,13.9,77.0,High
REC-0887,DEV-0057,CASE-0887,35,14.8,48.5,High
REC-0888,DEV-0150,CASE-0888,111,15.6,73.8,Moderate
REC-0889,DEV-0205,CASE-0889,58,18.4,73.5,Moderate
REC-0890,DEV-0031,CASE-0890,18,0.9,38.6,Moderate
REC-0891,DEV-0077,CASE-0891,16,16.6,41.6,High
REC-0892,DEV-0032,CASE-0892,93,7.6,24.5,Moderate
REC-0893,DEV-0051,CASE-0893,47,7.8,34.2,Moderate
REC-0894,DEV-0239,CASE-0894,18,0.8,53.5,High
REC-0895,DEV-0148,CASE-0895,95,13.6,74.6,Moderate
REC-0896,DEV-0145,CASE-0896,26,6.3,53.2,High
REC-0897,DEV-0180,CASE-0897,23,14.8,50.2,High
REC-0898,DEV-0090,CASE-0898,97,8.0,17.7,High
REC-0899,DEV-0153,CASE-0899,8,5.5,60.4,Severe
REC-0900,DEV-0024,CASE-0900,94,18.6,72.2,Moderate
REC-0901,DEV-0090,CASE-0901,81,4.0,82.9,Low
REC-0902,DEV-0205,CASE-0902,4,11.2,60.7,Moderate
REC-0903,DEV-0137,CASE-0903,117,17.9,45.2,High
REC-0904,DEV-0019,CASE-0904,14,17.2,56.7,Moderate
REC-0905,DEV-0102,CASE-0905,9,1.0,83.8,High
REC-0906,DEV-0100,CASE-0906,22,3.8,80.7,Moderate
REC-0907,DEV-0093,CASE-0907,119,9.7,26.8,Severe
REC-0908,DEV-0187,CASE-0908,116,8.1,68.8,Moderate
REC-0909,DEV-0198,CASE-0909,32,8.8,34.6,Severe
REC-0910,DEV-0188,CASE-0910,79,21.3,15.3,Low
REC-0911,DEV-0195,CASE-0911,113,23.1,88.7,High
REC-0912,DEV-0048,CASE-0912,62,14.7,96.5,High
REC-0913,DEV-0003,CASE-0913,45,19.4,67.8,Moderate
REC-0914,DEV-0030,CASE-0914,47,14.9,84.2,Moderate
REC-0915,DEV-0111,CASE-0915,26,11.3,84.5,Moderate
REC-0916,DEV-0194,CASE-0916,110,1.1,80.7,High
REC-0917,DEV-0012,CASE-0917,18,5.0,51.7,Moderate
REC-0918,DEV-0046,CASE-0918,34,2.1,46.6,Moderate
REC-0919,DEV-0142,CASE-0919,109,2.7,20.0,Low
REC-0920,DEV-0045,CASE-0920,104,9.2,68.6,High
REC-0921,DEV-0152,CASE-0921,14,10.9,81.4,Moderate
REC-0922,DEV-0106,CASE-0922,31,9.8,24.2,Low
REC-0923,DEV-0007,CASE-0923,54,18.4,28.8,Severe
REC-0924,DEV-0013,CASE-0924,11,9.7,66.3,High
REC-0925,DEV-0055,CASE-0925,33,16.4,15.1,Low
REC-0926,DEV-0185,CASE-0926,18,18.9,37.4,High
REC-0927,DEV-0156,CASE-0927,46,0.8,50.7,Low
REC-0928,DEV-0218,CASE-0928,24,8.8,16.8,Severe
REC-0929,DEV-0089,CASE-0929,75,13.6,78.4,Moderate
REC-0930,DEV-0127,CASE-0930,80,5.2,15.4,Moderate
REC-0931,DEV-0172,CASE-0931,87,21.7,36.0,Low
REC-0932,DEV-0149,CASE-0932,59,13.3,31.2,Low
REC-0933,DEV-0236,CASE-0933,72,11.9,15.7,Moderate
REC-0934,DEV-0115,CASE-0934,71,5.1,29.4,Severe
REC-0935,DEV-0022,CASE-0935,46,7.1,28.0,Moderate
REC-0936,DEV-0022,CASE-0936,107,10.8,94.9,Moderate
REC-0937,DEV-0115,CASE-0937,6,23.8,33.6,Severe
REC-0938,DEV-0012,CASE-0938,39,12.1,29.0,High
REC-0939,DEV-0148,CASE-0939,103,10.1,72.7,Severe
REC-0940,DEV-0116,CASE-0940,101,10.1,92.0,Moderate
REC-0941,DEV-0176,CASE-0941,39,21.1,20.0,High
REC-0942,DEV-0119,CASE-0942,77,15.1,36.1,Moderate
REC-0943,DEV-0240,CASE-0943,95,18.7,78.5,Severe
REC-0944,DEV-0024,CASE-0944,107,3.8,92.7,Low
REC-0945,DEV-0023,CASE-0945,68,8.8,80.8,High
REC-0946,DEV-0178,CASE-0946,103,0.6,53.8,High
REC-0947,DEV-0211,CASE-0947,5,1.5,87.4,High
REC-0948,DEV-0036,CASE-0948,80,10.6,75.5,Moderate
REC-0949,DEV-0053,CASE-0949,43,20.2,18.1,Low
REC-0950,DEV-0115,CASE-0950,85,3.5,67.0,Low
REC-0951,DEV-0100,CASE-0951,17,9.3,39.9,Severe
REC-0952,DEV-0245,CASE-0952,60,22.7,28.5,Moderate
REC-0953,DEV-0141,CASE-0953,69,9.5,41.0,Moderate
REC-0954,DEV-0038,CASE-0954,69,23.5,60.7,High
REC-0955,DEV-0072,CASE-0955,41,20.3,43.1,High
REC-0956,DEV-0136,CASE-0956,95,15.9,57.3,Moderate
REC-0957,DEV-0248,CASE-0957,89,8.2,60.1,Moderate
REC-0958,DEV-0113,CASE-0958,61,3.5,67.1,Moderate
REC-0959,DEV-0001,CASE-0959,98,6.3,37.4,Moderate
REC-0960,DEV-0042,CASE-0960,49,9.6,46.8,Moderate
REC-0961,DEV-0052,CASE-0961,39,18.4,69.3,High
REC-0962,DEV-0189,CASE-0962,65,15.0,24.3,Low
REC-0963,DEV-0163,CASE-0963,15,3.8,76.0,Moderate
REC-0964,DEV-0034,CASE-0964,23,19.9,53.7,Severe
REC-0965,DEV-0003,CASE-0965,75,13.5,86.2,Low
REC-0966,DEV-0128,CASE-0966,71,5.2,22.0,Severe
REC-0967,DEV-0099,CASE-0967,24,2.0,21.1,Moderate
REC-0968,DEV-0177,CASE-0968,43,20.2,29.0,Low
REC-0969,DEV-0181,CASE-0969,11,18.2,78.4,High
REC-0970,DEV-0145,CASE-0970,113,11.0,78.8,High
REC-0971,DEV-0149,CASE-0971,94,3.7,73.2,High
REC-0972,DEV-0097,CASE-0972,46,13.2,71.8,High
REC-0973,DEV-0027,CASE-0973,54,21.5,68.3,Moderate
REC-0974,DEV-0118,CASE-0974,40,20.2,93.9,Moderate
REC-0975,DEV-0180,CASE-0975,114,8.9,41.4,Moderate
REC-0976,DEV-0053,CASE-0976,21,9.9,77.9,Moderate
REC-0977,DEV-0150,CASE-0977,13,13.7,65.7,Low
REC-0978,DEV-0090,CASE-0978,29,23.9,82.4,Low
REC-0979,DEV-0058,CASE-0979,90,17.2,75.0,High
REC-0980,DEV-0207,CASE-0980,83,19.7,16.7,High
REC-0981,DEV-0138,CASE-0981,48,17.3,25.5,Moderate
REC-0982,DEV-0023,CASE-0982,57,4.6,89.5,Moderate
REC-0983,DEV-0200,CASE-0983,23,16.3,54.3,High
REC-0984,DEV-0230,CASE-0984,54,22.3,94.9,Severe
REC-0985,DEV-0002,CASE-0985,105,2.8,81.7,High
REC-0986,DEV-0249,CASE-0986,97,2.0,90.1,Severe
REC-0987,DEV-0236,CASE-0987,7,15.4,75.6,Moderate
REC-0988,DEV-0116,CASE-0988,87,15.2,42.4,Low
REC-0989,DEV-0041,CASE-0989,87,0.9,85.7,Moderate
REC-0990,DEV-0082,CASE-0990,37,3.9,66.1,High
REC-0991,DEV-0033,CASE-0991,45,10.6,21.3,Moderate
REC-0992,DEV-0182,CASE-0992,38,1.5,44.7,High
REC-0993,DEV-0015,CASE-0993,20,17.5,80.9,Moderate
REC-0994,DEV-0135,CASE-0994,52,10.7,71.7,High
REC-0995,DEV-0099,CASE-0995,99,21.0,90.6,Low
REC-0996,DEV-0129,CASE-0996,67,11.8,35.8,High
REC-0997,DEV-0100,CASE-0997,72,21.1,28.5,Moderate
REC-0998,DEV-0021,CASE-0998,2,9.7,61.5,Moderate
REC-0999,DEV-0134,CASE-0999,56,14.4,49.6,High
REC-1000,DEV-0242,CASE-1000,88,6.7,69.3,Moderate
